[{"model": "main_app.city", "pk": 1, "fields": {"name": "San Francisco", "image": "https://i.imgur.com/wIeITQs.jpg"}}, {"model": "main_app.city", "pk": 2, "fields": {"name": "New York City", "image": "https://i.imgur.com/MhUDWje.jpg"}}, {"model": "main_app.city", "pk": 3, "fields": {"name": "London", "image": "https://i.imgur.com/lLjP3kI.jpg"}}, {"model": "main_app.city", "pk": 4, "fields": {"name": "Chicago", "image": "https://i.imgur.com/8RAgdTw.jpg"}}, {"model": "main_app.city", "pk": 6, "fields": {"name": "Los Angeles", "image": "https://i.imgur.com/66v179y.jpg"}}, {"model": "main_app.city", "pk": 7, "fields": {"name": "Paris", "image": "https://i.imgur.com/we4Pxig.jpg"}}, {"model": "main_app.city", "pk": 8, "fields": {"name": "Rome", "image": "https://i.imgur.com/LaUaeT1.jpg"}}, {"model": "main_app.city", "pk": 9, "fields": {"name": "Sydney", "image": "https://i.imgur.com/WYvMfAT.jpg"}}, {"model": "main_app.city", "pk": 10, "fields": {"name": "Toronto", "image": "https://i.imgur.com/AY878k9.jpg"}}, {"model": "main_app.review", "pk": 1, "fields": {"title": "Central Park is a Dream", "content": "If you're visiting New York City for the first time make sure you visit Central Park. It is beautiful year round and there are a variety of activities for people throughout the park. I had some great food in the city and would recommend just exploring and walking around.", "date": "2021-03-18", "profile": 5, "city": 2}}, {"model": "main_app.review", "pk": 2, "fields": {"title": "Statue of Liberty Tour", "content": "If you're staying in New York for many days, I recommend taking a full day to do a Statue of Liberty tour, it was great to go out on a boat and learn some of the history. The statue itself is very impressive when you're up close.", "date": "2021-03-18", "profile": 1, "city": 2}}, {"model": "main_app.review", "pk": 3, "fields": {"title": "The hikes are great!", "content": "I did not anticipate the great hiking trails in Los Angeles! If you're feeling like being around the beach there are many hiking trails up and down the coast. If you go east in the city there are hikes with a more dry mountain climate, the Hollywood sign is always a good hike, you'll get to see most of the city and the famous sign.", "date": "2021-03-18", "profile": 3, "city": 6}}, {"model": "main_app.review", "pk": 4, "fields": {"title": "The Food is Aamazing!", "content": "Los Angeles has really amazing food and because of its very diverse population you can have almost anything you'd like. Every weekend there's a farmer's market in downtown and I highly suggest attending and trying something from all the posts!", "date": "2021-03-18", "profile": 4, "city": 6}}, {"model": "main_app.review", "pk": 5, "fields": {"title": "The Golden Gate Bridge is a must", "content": "This bridge is breathtaking, it is worth going by and visiting, if you're lucky and the weather is nice you can walk the bridge from one end to another. Make sure you bring a jacket because it is windy!", "date": "2021-03-18", "profile": 5, "city": 1}}, {"model": "main_app.review", "pk": 6, "fields": {"title": "Alcatraz Tour was fun", "content": "The tour itself takes about 3 hours and with the boat ride. It was interesting to learn so much about the history, if you're in the area check it out!", "date": "2021-03-18", "profile": 4, "city": 1}}, {"model": "main_app.review", "pk": 7, "fields": {"title": "Toronto is Beautiful", "content": "There is so much to see and do in Toronto! The street vendors have really amazing food. It was fun to go around and explore. Super easy to use the subway there!", "date": "2021-03-18", "profile": 6, "city": 10}}, {"model": "main_app.review", "pk": 8, "fields": {"title": "Hockey Hall of Fame is amazing!", "content": "If you're a big hockey fan like me, then I highly recommend visiting the Hockey Hall of Fame. I got to see all the trophies and highlights from different seasons. The shop has a great selection, I spent so much money there.", "date": "2021-03-18", "profile": 4, "city": 10}}, {"model": "main_app.review", "pk": 9, "fields": {"title": "Sydney Harbor visit", "content": "The harbor is so beautiful, while walking there you can see and visit the Harbour Bridge and the Opera House.  You can also visit the Botanic Garden or try one of the many coffee shops and restaurants where the food is amazing.", "date": "2021-03-18", "profile": 6, "city": 9}}, {"model": "main_app.review", "pk": 10, "fields": {"title": "Sydney Food Scene", "content": "I was so impressed by the amount of delicious food I ate while visiting Sydney. Every restaurant has such a good selection of food and is amazing.", "date": "2021-03-18", "profile": 3, "city": 9}}, {"model": "main_app.review", "pk": 11, "fields": {"title": "Paris Architecture", "content": "I just had the best trip in Paris! I was so inspired by all the architecture, culture and history of Paris. There is so much to learn about the history and the museums are all worth a visit.", "date": "2021-03-18", "profile": 1, "city": 7}}, {"model": "main_app.review", "pk": 12, "fields": {"title": "Eiffel Tower", "content": "While I was in Paris I visited the Eiffel Tower, it is truly worth visiting. The pictures of this place don't do it justice, visit it if you can!", "date": "2021-03-18", "profile": 3, "city": 7}}, {"model": "main_app.review", "pk": 13, "fields": {"title": "Exploring Rome", "content": "I had the best time while visiting Rome! There is so much to do and explore, there are museums, rich history, art and great food everywhere you go.", "date": "2021-03-18", "profile": 6, "city": 8}}, {"model": "main_app.review", "pk": 14, "fields": {"title": "Fun Rome Visit", "content": "Rome has some delicious pizza and wine, I wanted to have it every day while I was there. There are breathtaking monuments everywhere you go.", "date": "2021-03-18", "profile": 5, "city": 8}}, {"model": "main_app.review", "pk": 15, "fields": {"title": "Wrigley Field Visit", "content": "I am a big baseball fan and Wrigley Field in Chicago is amazing, I was lucky to be in town while the Cubs were playing. The stadium and all the great pizza around were so fun.", "date": "2021-03-18", "profile": 6, "city": 4}}, {"model": "main_app.review", "pk": 16, "fields": {"title": "Chicago Pizza... yum!", "content": "Chicago was such a fun city to explore, but hand down my favorite part was the amount of delicious pizza I consumed on this trip.", "date": "2021-03-18", "profile": 1, "city": 4}}, {"model": "main_app.review", "pk": 17, "fields": {"title": "Exploring London", "content": "London was an amazing city to visit, I'm so glad I was able to make this trip happen. There was a lot of fun shopping and great restaurants.", "date": "2021-03-18", "profile": 4, "city": 3}}, {"model": "main_app.review", "pk": 18, "fields": {"title": "The Palace", "content": "While in London I went to Buckingham Palace and it is so much bigger than I ever imagined, besides the palace London is a beautiful city with really great museums and food.", "date": "2021-03-18", "profile": 3, "city": 3}}, {"model": "main_app.review", "pk": 19, "fields": {"title": "The Beaches Are So Relaxing", "content": "Wow the beaches all along the coast of Los Angeles are so beautiful, each beach has a slightly different vibe. It's always fun to visit Santa Monica, but if you can travel south a bit to Manhattan Beach it is really worth checking out.", "date": "2021-03-18", "profile": 5, "city": 6}}, {"model": "main_app.review", "pk": 20, "fields": {"title": "Visiting the Bay", "content": "While in San Francisco I visited the Exploratorium and it is such a fun and interesting museum. It's near fisherman's wharf so I was able to try the clam chowder everyone talks about, it was delicious!", "date": "2021-03-18", "profile": 3, "city": 1}}, {"model": "contenttypes.contenttype", "fields": {"app_label": "main_app", "model": "city"}}, {"model": "contenttypes.contenttype", "fields": {"app_label": "main_app", "model": "profile"}}, {"model": "contenttypes.contenttype", "fields": {"app_label": "main_app", "model": "review"}}, {"model": "contenttypes.contenttype", "fields": {"app_label": "admin", "model": "logentry"}}, {"model": "contenttypes.contenttype", "fields": {"app_label": "auth", "model": "permission"}}, {"model": "contenttypes.contenttype", "fields": {"app_label": "auth", "model": "group"}}, {"model": "contenttypes.contenttype", "fields": {"app_label": "auth", "model": "user"}}, {"model": "contenttypes.contenttype", "fields": {"app_label": "contenttypes", "model": "contenttype"}}, {"model": "contenttypes.contenttype", "fields": {"app_label": "sessions", "model": "session"}}, {"model": "sessions.session", "pk": "8oxxpf2g3aw058jrqyqdq7ebaiqwhdj1", "fields": {"session_data": ".eJxVjMsOwiAQRf-FtSGIPIpL9_0GMjMMUjWQlHZl_HfbpAvdnnPufYsI61Li2nmOUxJXcRanX4ZAT667SA-o9yap1WWeUO6JPGyXY0v8uh3t30GBXrZ19h4VEGkENzAGh9kGZ7xNWoMmAm8dBzJO66AyXIIBy4rY47Dh4MTnC_9WOHY:1lMw4u:pA52y1kjlrguobJ43uI7C4u53iqPd4cC14e1qfMi4po", "expire_date": "2021-04-01T17:04:56.987Z"}}, {"model": "auth.permission", "fields": {"name": "Can add city", "content_type": ["main_app", "city"], "codename": "add_city"}}, {"model": "auth.permission", "fields": {"name": "Can change city", "content_type": ["main_app", "city"], "codename": "change_city"}}, {"model": "auth.permission", "fields": {"name": "Can delete city", "content_type": ["main_app", "city"], "codename": "delete_city"}}, {"model": "auth.permission", "fields": {"name": "Can view city", "content_type": ["main_app", "city"], "codename": "view_city"}}, {"model": "auth.permission", "fields": {"name": "Can add profile", "content_type": ["main_app", "profile"], "codename": "add_profile"}}, {"model": "auth.permission", "fields": {"name": "Can change profile", "content_type": ["main_app", "profile"], "codename": "change_profile"}}, {"model": "auth.permission", "fields": {"name": "Can delete profile", "content_type": ["main_app", "profile"], "codename": "delete_profile"}}, {"model": "auth.permission", "fields": {"name": "Can view profile", "content_type": ["main_app", "profile"], "codename": "view_profile"}}, {"model": "auth.permission", "fields": {"name": "Can add review", "content_type": ["main_app", "review"], "codename": "add_review"}}, {"model": "auth.permission", "fields": {"name": "Can change review", "content_type": ["main_app", "review"], "codename": "change_review"}}, {"model": "auth.permission", "fields": {"name": "Can delete review", "content_type": ["main_app", "review"], "codename": "delete_review"}}, {"model": "auth.permission", "fields": {"name": "Can view review", "content_type": ["main_app", "review"], "codename": "view_review"}}, {"model": "auth.permission", "fields": {"name": "Can add log entry", "content_type": ["admin", "logentry"], "codename": "add_logentry"}}, {"model": "auth.permission", "fields": {"name": "Can change log entry", "content_type": ["admin", "logentry"], "codename": "change_logentry"}}, {"model": "auth.permission", "fields": {"name": "Can delete log entry", "content_type": ["admin", "logentry"], "codename": "delete_logentry"}}, {"model": "auth.permission", "fields": {"name": "Can view log entry", "content_type": ["admin", "logentry"], "codename": "view_logentry"}}, {"model": "auth.permission", "fields": {"name": "Can add permission", "content_type": ["auth", "permission"], "codename": "add_permission"}}, {"model": "auth.permission", "fields": {"name": "Can change permission", "content_type": ["auth", "permission"], "codename": "change_permission"}}, {"model": "auth.permission", "fields": {"name": "Can delete permission", "content_type": ["auth", "permission"], "codename": "delete_permission"}}, {"model": "auth.permission", "fields": {"name": "Can view permission", "content_type": ["auth", "permission"], "codename": "view_permission"}}, {"model": "auth.permission", "fields": {"name": "Can add group", "content_type": ["auth", "group"], "codename": "add_group"}}, {"model": "auth.permission", "fields": {"name": "Can change group", "content_type": ["auth", "group"], "codename": "change_group"}}, {"model": "auth.permission", "fields": {"name": "Can delete group", "content_type": ["auth", "group"], "codename": "delete_group"}}, {"model": "auth.permission", "fields": {"name": "Can view group", "content_type": ["auth", "group"], "codename": "view_group"}}, {"model": "auth.permission", "fields": {"name": "Can add user", "content_type": ["auth", "user"], "codename": "add_user"}}, {"model": "auth.permission", "fields": {"name": "Can change user", "content_type": ["auth", "user"], "codename": "change_user"}}, {"model": "auth.permission", "fields": {"name": "Can delete user", "content_type": ["auth", "user"], "codename": "delete_user"}}, {"model": "auth.permission", "fields": {"name": "Can view user", "content_type": ["auth", "user"], "codename": "view_user"}}, {"model": "auth.permission", "fields": {"name": "Can add content type", "content_type": ["contenttypes", "contenttype"], "codename": "add_contenttype"}}, {"model": "auth.permission", "fields": {"name": "Can change content type", "content_type": ["contenttypes", "contenttype"], "codename": "change_contenttype"}}, {"model": "auth.permission", "fields": {"name": "Can delete content type", "content_type": ["contenttypes", "contenttype"], "codename": "delete_contenttype"}}, {"model": "auth.permission", "fields": {"name": "Can view content type", "content_type": ["contenttypes", "contenttype"], "codename": "view_contenttype"}}, {"model": "auth.permission", "fields": {"name": "Can add session", "content_type": ["sessions", "session"], "codename": "add_session"}}, {"model": "auth.permission", "fields": {"name": "Can change session", "content_type": ["sessions", "session"], "codename": "change_session"}}, {"model": "auth.permission", "fields": {"name": "Can delete session", "content_type": ["sessions", "session"], "codename": "delete_session"}}, {"model": "auth.permission", "fields": {"name": "Can view session", "content_type": ["sessions", "session"], "codename": "view_session"}}, {"model": "auth.user", "fields": {"password": "pbkdf2_sha256$216000$UkmfBnkEIhNV$yzO42gOsiWweXyRUmd3AeLZcTrwJ1CwruUyu70XNffo=", "last_login": "2021-03-18T17:04:56.985Z", "is_superuser": true, "username": "admin", "first_name": "", "last_name": "", "email": "cllopez92@gmail.com", "is_staff": true, "is_active": true, "date_joined": "2021-03-18T16:57:53.810Z", "groups": [], "user_permissions": []}}, {"model": "auth.user", "fields": {"password": "pbkdf2_sha256$216000$3K8vtnOiOszj$WIDntZnZwYQXMRZwPwdvmfCtae+jTCo8vpQ29a9a/DM=", "last_login": null, "is_superuser": false, "username": "carmen", "first_name": "", "last_name": "", "email": "", "is_staff": false, "is_active": true, "date_joined": "2021-03-18T18:00:15.516Z", "groups": [], "user_permissions": []}}, {"model": "auth.user", "fields": {"password": "pbkdf2_sha256$216000$UbkNfPxdxFRz$y+I0eYiWFwQpD7JbjL/Iv25DvnnXsIR4H3R8psepIE4=", "last_login": null, "is_superuser": false, "username": "gary", "first_name": "", "last_name": "", "email": "", "is_staff": false, "is_active": true, "date_joined": "2021-03-18T18:02:17.341Z", "groups": [], "user_permissions": []}}, {"model": "auth.user", "fields": {"password": "pbkdf2_sha256$216000$QbOIIvZGPA1k$UJvThrcYlfPfeGh/fXx07iBsn2tsMbOc9en2dujvnw8=", "last_login": null, "is_superuser": false, "username": "steven", "first_name": "", "last_name": "", "email": "", "is_staff": false, "is_active": true, "date_joined": "2021-03-18T18:02:54.426Z", "groups": [], "user_permissions": []}}, {"model": "auth.user", "fields": {"password": "pbkdf2_sha256$216000$uMUucwLomxns$X/vkKMhpqpPScOe9CWUb4KprWD9Yt87YqXONf8EypBI=", "last_login": null, "is_superuser": false, "username": "brock", "first_name": "", "last_name": "", "email": "", "is_staff": false, "is_active": true, "date_joined": "2021-03-18T18:03:28.721Z", "groups": [], "user_permissions": []}}, {"model": "auth.user", "fields": {"password": "pbkdf2_sha256$216000$RLqw2Tbc1ebw$dvXUJQMh8fhyQBA3MSA6hXUA1MKc8E4iR1BBQTITAes=", "last_login": null, "is_superuser": false, "username": "ashley", "first_name": "", "last_name": "", "email": "", "is_staff": false, "is_active": true, "date_joined": "2021-03-18T18:04:15.812Z", "groups": [], "user_permissions": []}}, {"model": "auth.user", "fields": {"password": "pbkdf2_sha256$216000$3abrepOKBdqy$/7D6WCEj909RO0THC7lP/qspszl2ByjoAaNoqMa0FPo=", "last_login": null, "is_superuser": false, "username": "michael", "first_name": "", "last_name": "", "email": "", "is_staff": false, "is_active": true, "date_joined": "2021-03-18T18:04:56.902Z", "groups": [], "user_permissions": []}}, {"model": "admin.logentry", "pk": 1, "fields": {"action_time": "2021-03-18T17:07:02.662Z", "user": ["admin"], "content_type": ["main_app", "city"], "object_id": "1", "object_repr": "San Francisco", "action_flag": 1, "change_message": "[{\"added\": {}}]"}}, {"model": "admin.logentry", "pk": 2, "fields": {"action_time": "2021-03-18T17:07:38.827Z", "user": ["admin"], "content_type": ["main_app", "city"], "object_id": "2", "object_repr": "New York City", "action_flag": 1, "change_message": "[{\"added\": {}}]"}}, {"model": "admin.logentry", "pk": 3, "fields": {"action_time": "2021-03-18T17:08:02.722Z", "user": ["admin"], "content_type": ["main_app", "city"], "object_id": "3", "object_repr": "London", "action_flag": 1, "change_message": "[{\"added\": {}}]"}}, {"model": "admin.logentry", "pk": 4, "fields": {"action_time": "2021-03-18T17:08:27.582Z", "user": ["admin"], "content_type": ["main_app", "city"], "object_id": "4", "object_repr": "Chicago", "action_flag": 1, "change_message": "[{\"added\": {}}]"}}, {"model": "admin.logentry", "pk": 5, "fields": {"action_time": "2021-03-18T17:08:48.034Z", "user": ["admin"], "content_type": ["main_app", "city"], "object_id": "5", "object_repr": "Cairo", "action_flag": 1, "change_message": "[{\"added\": {}}]"}}, {"model": "admin.logentry", "pk": 6, "fields": {"action_time": "2021-03-18T17:09:09.339Z", "user": ["admin"], "content_type": ["main_app", "city"], "object_id": "6", "object_repr": "Los Angeles", "action_flag": 1, "change_message": "[{\"added\": {}}]"}}, {"model": "admin.logentry", "pk": 7, "fields": {"action_time": "2021-03-18T17:09:30.194Z", "user": ["admin"], "content_type": ["main_app", "city"], "object_id": "7", "object_repr": "Paris", "action_flag": 1, "change_message": "[{\"added\": {}}]"}}, {"model": "admin.logentry", "pk": 8, "fields": {"action_time": "2021-03-18T17:09:47.443Z", "user": ["admin"], "content_type": ["main_app", "city"], "object_id": "8", "object_repr": "Rome", "action_flag": 1, "change_message": "[{\"added\": {}}]"}}, {"model": "admin.logentry", "pk": 9, "fields": {"action_time": "2021-03-18T17:10:17.453Z", "user": ["admin"], "content_type": ["main_app", "city"], "object_id": "9", "object_repr": "Sydney", "action_flag": 1, "change_message": "[{\"added\": {}}]"}}, {"model": "admin.logentry", "pk": 10, "fields": {"action_time": "2021-03-18T17:10:32.496Z", "user": ["admin"], "content_type": ["main_app", "city"], "object_id": "10", "object_repr": "Toronto", "action_flag": 1, "change_message": "[{\"added\": {}}]"}}, {"model": "admin.logentry", "pk": 11, "fields": {"action_time": "2021-03-18T17:17:56.773Z", "user": ["admin"], "content_type": ["main_app", "city"], "object_id": "6", "object_repr": "Los Angeles", "action_flag": 2, "change_message": "[{\"changed\": {\"fields\": [\"Image\"]}}]"}}, {"model": "admin.logentry", "pk": 12, "fields": {"action_time": "2021-03-18T17:18:37.426Z", "user": ["admin"], "content_type": ["main_app", "city"], "object_id": "8", "object_repr": "Rome", "action_flag": 2, "change_message": "[{\"changed\": {\"fields\": [\"Image\"]}}]"}}, {"model": "admin.logentry", "pk": 13, "fields": {"action_time": "2021-03-18T17:19:55.981Z", "user": ["admin"], "content_type": ["main_app", "city"], "object_id": "5", "object_repr": "Cairo", "action_flag": 2, "change_message": "[{\"changed\": {\"fields\": [\"Image\"]}}]"}}, {"model": "admin.logentry", "pk": 14, "fields": {"action_time": "2021-03-18T17:23:49.118Z", "user": ["admin"], "content_type": ["main_app", "city"], "object_id": "7", "object_repr": "Paris", "action_flag": 2, "change_message": "[{\"changed\": {\"fields\": [\"Image\"]}}]"}}, {"model": "admin.logentry", "pk": 15, "fields": {"action_time": "2021-03-18T17:26:16.234Z", "user": ["admin"], "content_type": ["main_app", "city"], "object_id": "10", "object_repr": "Toronto", "action_flag": 2, "change_message": "[{\"changed\": {\"fields\": [\"Image\"]}}]"}}, {"model": "admin.logentry", "pk": 16, "fields": {"action_time": "2021-03-18T17:28:48.265Z", "user": ["admin"], "content_type": ["main_app", "city"], "object_id": "1", "object_repr": "San Francisco", "action_flag": 2, "change_message": "[{\"changed\": {\"fields\": [\"Image\"]}}]"}}, {"model": "admin.logentry", "pk": 17, "fields": {"action_time": "2021-03-18T17:36:31.211Z", "user": ["admin"], "content_type": ["main_app", "city"], "object_id": "2", "object_repr": "New York City", "action_flag": 2, "change_message": "[{\"changed\": {\"fields\": [\"Image\"]}}]"}}, {"model": "admin.logentry", "pk": 18, "fields": {"action_time": "2021-03-18T17:38:19.302Z", "user": ["admin"], "content_type": ["main_app", "city"], "object_id": "9", "object_repr": "Sydney", "action_flag": 2, "change_message": "[{\"changed\": {\"fields\": [\"Image\"]}}]"}}, {"model": "admin.logentry", "pk": 19, "fields": {"action_time": "2021-03-18T17:50:13.824Z", "user": ["admin"], "content_type": ["main_app", "city"], "object_id": "3", "object_repr": "London", "action_flag": 2, "change_message": "[{\"changed\": {\"fields\": [\"Image\"]}}]"}}, {"model": "admin.logentry", "pk": 20, "fields": {"action_time": "2021-03-18T17:57:19.687Z", "user": ["admin"], "content_type": ["main_app", "city"], "object_id": "4", "object_repr": "Chicago", "action_flag": 2, "change_message": "[{\"changed\": {\"fields\": [\"Image\"]}}]"}}, {"model": "admin.logentry", "pk": 21, "fields": {"action_time": "2021-03-18T17:57:57.746Z", "user": ["admin"], "content_type": ["main_app", "city"], "object_id": "5", "object_repr": "Cairo", "action_flag": 2, "change_message": "[{\"changed\": {\"fields\": [\"Image\"]}}]"}}, {"model": "admin.logentry", "pk": 22, "fields": {"action_time": "2021-03-18T18:00:15.642Z", "user": ["admin"], "content_type": ["auth", "user"], "object_id": "2", "object_repr": "carmen", "action_flag": 1, "change_message": "[{\"added\": {}}]"}}, {"model": "admin.logentry", "pk": 23, "fields": {"action_time": "2021-03-18T18:01:25.881Z", "user": ["admin"], "content_type": ["main_app", "profile"], "object_id": "1", "object_repr": "Carmen", "action_flag": 1, "change_message": "[{\"added\": {}}]"}}, {"model": "admin.logentry", "pk": 24, "fields": {"action_time": "2021-03-18T18:02:17.464Z", "user": ["admin"], "content_type": ["auth", "user"], "object_id": "3", "object_repr": "gary", "action_flag": 1, "change_message": "[{\"added\": {}}]"}}, {"model": "admin.logentry", "pk": 25, "fields": {"action_time": "2021-03-18T18:02:21.423Z", "user": ["admin"], "content_type": ["main_app", "profile"], "object_id": "2", "object_repr": "Gary", "action_flag": 1, "change_message": "[{\"added\": {}}]"}}, {"model": "admin.logentry", "pk": 26, "fields": {"action_time": "2021-03-18T18:02:54.550Z", "user": ["admin"], "content_type": ["auth", "user"], "object_id": "4", "object_repr": "steven", "action_flag": 1, "change_message": "[{\"added\": {}}]"}}, {"model": "admin.logentry", "pk": 27, "fields": {"action_time": "2021-03-18T18:02:56.738Z", "user": ["admin"], "content_type": ["main_app", "profile"], "object_id": "3", "object_repr": "Steven", "action_flag": 1, "change_message": "[{\"added\": {}}]"}}, {"model": "admin.logentry", "pk": 28, "fields": {"action_time": "2021-03-18T18:03:28.845Z", "user": ["admin"], "content_type": ["auth", "user"], "object_id": "5", "object_repr": "brock", "action_flag": 1, "change_message": "[{\"added\": {}}]"}}, {"model": "admin.logentry", "pk": 29, "fields": {"action_time": "2021-03-18T18:03:31.943Z", "user": ["admin"], "content_type": ["main_app", "profile"], "object_id": "4", "object_repr": "Brock", "action_flag": 1, "change_message": "[{\"added\": {}}]"}}, {"model": "admin.logentry", "pk": 30, "fields": {"action_time": "2021-03-18T18:04:15.954Z", "user": ["admin"], "content_type": ["auth", "user"], "object_id": "6", "object_repr": "ashley", "action_flag": 1, "change_message": "[{\"added\": {}}]"}}, {"model": "admin.logentry", "pk": 31, "fields": {"action_time": "2021-03-18T18:04:20.133Z", "user": ["admin"], "content_type": ["main_app", "profile"], "object_id": "5", "object_repr": "Ashley", "action_flag": 1, "change_message": "[{\"added\": {}}]"}}, {"model": "admin.logentry", "pk": 32, "fields": {"action_time": "2021-03-18T18:04:57.025Z", "user": ["admin"], "content_type": ["auth", "user"], "object_id": "7", "object_repr": "michael", "action_flag": 1, "change_message": "[{\"added\": {}}]"}}, {"model": "admin.logentry", "pk": 33, "fields": {"action_time": "2021-03-18T18:04:59.586Z", "user": ["admin"], "content_type": ["main_app", "profile"], "object_id": "6", "object_repr": "Michael", "action_flag": 1, "change_message": "[{\"added\": {}}]"}}, {"model": "admin.logentry", "pk": 34, "fields": {"action_time": "2021-03-18T18:10:44.334Z", "user": ["admin"], "content_type": ["main_app", "review"], "object_id": "1", "object_repr": "Central Park is a Dream", "action_flag": 1, "change_message": "[{\"added\": {}}]"}}, {"model": "admin.logentry", "pk": 35, "fields": {"action_time": "2021-03-18T18:13:15.078Z", "user": ["admin"], "content_type": ["main_app", "review"], "object_id": "2", "object_repr": "Statue of Liberty Tour", "action_flag": 1, "change_message": "[{\"added\": {}}]"}}, {"model": "admin.logentry", "pk": 36, "fields": {"action_time": "2021-03-18T18:13:18.996Z", "user": ["admin"], "content_type": ["main_app", "review"], "object_id": "1", "object_repr": "Central Park is a Dream", "action_flag": 2, "change_message": "[]"}}, {"model": "admin.logentry", "pk": 37, "fields": {"action_time": "2021-03-18T18:13:22.191Z", "user": ["admin"], "content_type": ["main_app", "review"], "object_id": "2", "object_repr": "Statue of Liberty Tour", "action_flag": 2, "change_message": "[]"}}, {"model": "admin.logentry", "pk": 38, "fields": {"action_time": "2021-03-18T18:36:27.868Z", "user": ["admin"], "content_type": ["main_app", "review"], "object_id": "3", "object_repr": "The hikes are amazing!", "action_flag": 1, "change_message": "[{\"added\": {}}]"}}, {"model": "admin.logentry", "pk": 39, "fields": {"action_time": "2021-03-18T18:38:30.379Z", "user": ["admin"], "content_type": ["main_app", "review"], "object_id": "4", "object_repr": "The Food is Aamazing!", "action_flag": 1, "change_message": "[{\"added\": {}}]"}}, {"model": "admin.logentry", "pk": 40, "fields": {"action_time": "2021-03-18T18:38:45.253Z", "user": ["admin"], "content_type": ["main_app", "review"], "object_id": "3", "object_repr": "The hikes are great!", "action_flag": 2, "change_message": "[{\"changed\": {\"fields\": [\"Title\"]}}]"}}, {"model": "admin.logentry", "pk": 41, "fields": {"action_time": "2021-03-18T18:44:29.194Z", "user": ["admin"], "content_type": ["main_app", "city"], "object_id": "5", "object_repr": "Cairo", "action_flag": 3, "change_message": ""}}, {"model": "admin.logentry", "pk": 42, "fields": {"action_time": "2021-03-18T18:48:12.407Z", "user": ["admin"], "content_type": ["main_app", "review"], "object_id": "5", "object_repr": "The Golden Gate Bridge is a must", "action_flag": 1, "change_message": "[{\"added\": {}}]"}}, {"model": "admin.logentry", "pk": 43, "fields": {"action_time": "2021-03-18T18:50:12.487Z", "user": ["admin"], "content_type": ["main_app", "review"], "object_id": "6", "object_repr": "Alcatraz Tour was fun", "action_flag": 1, "change_message": "[{\"added\": {}}]"}}, {"model": "admin.logentry", "pk": 44, "fields": {"action_time": "2021-03-18T18:59:44.861Z", "user": ["admin"], "content_type": ["main_app", "review"], "object_id": "7", "object_repr": "Toronto is Beautiful", "action_flag": 1, "change_message": "[{\"added\": {}}]"}}, {"model": "admin.logentry", "pk": 45, "fields": {"action_time": "2021-03-18T19:09:46.974Z", "user": ["admin"], "content_type": ["main_app", "review"], "object_id": "8", "object_repr": "Hockey Hall of Fame is amazing!", "action_flag": 1, "change_message": "[{\"added\": {}}]"}}, {"model": "admin.logentry", "pk": 46, "fields": {"action_time": "2021-03-18T19:26:21.741Z", "user": ["admin"], "content_type": ["main_app", "review"], "object_id": "9", "object_repr": "Sydney Harbor visit", "action_flag": 1, "change_message": "[{\"added\": {}}]"}}, {"model": "admin.logentry", "pk": 47, "fields": {"action_time": "2021-03-18T19:30:36.820Z", "user": ["admin"], "content_type": ["main_app", "review"], "object_id": "10", "object_repr": "Sydney Food Scene", "action_flag": 1, "change_message": "[{\"added\": {}}]"}}, {"model": "admin.logentry", "pk": 48, "fields": {"action_time": "2021-03-18T20:53:25.589Z", "user": ["admin"], "content_type": ["main_app", "review"], "object_id": "11", "object_repr": "Paris Architecture", "action_flag": 1, "change_message": "[{\"added\": {}}]"}}, {"model": "admin.logentry", "pk": 49, "fields": {"action_time": "2021-03-18T20:55:36.897Z", "user": ["admin"], "content_type": ["main_app", "review"], "object_id": "12", "object_repr": "Eiffel Tower", "action_flag": 1, "change_message": "[{\"added\": {}}]"}}, {"model": "admin.logentry", "pk": 50, "fields": {"action_time": "2021-03-18T20:57:41.003Z", "user": ["admin"], "content_type": ["main_app", "review"], "object_id": "13", "object_repr": "Exploring Rome", "action_flag": 1, "change_message": "[{\"added\": {}}]"}}, {"model": "admin.logentry", "pk": 51, "fields": {"action_time": "2021-03-18T20:59:54.496Z", "user": ["admin"], "content_type": ["main_app", "review"], "object_id": "14", "object_repr": "Fun Rome Visit", "action_flag": 1, "change_message": "[{\"added\": {}}]"}}, {"model": "admin.logentry", "pk": 52, "fields": {"action_time": "2021-03-18T21:03:27.048Z", "user": ["admin"], "content_type": ["main_app", "review"], "object_id": "15", "object_repr": "Wrigley Field Visit", "action_flag": 1, "change_message": "[{\"added\": {}}]"}}, {"model": "admin.logentry", "pk": 53, "fields": {"action_time": "2021-03-18T21:05:45.626Z", "user": ["admin"], "content_type": ["main_app", "review"], "object_id": "16", "object_repr": "Chicago Pizza... yum!", "action_flag": 1, "change_message": "[{\"added\": {}}]"}}, {"model": "admin.logentry", "pk": 54, "fields": {"action_time": "2021-03-18T21:10:03.625Z", "user": ["admin"], "content_type": ["main_app", "review"], "object_id": "17", "object_repr": "Exploring London", "action_flag": 1, "change_message": "[{\"added\": {}}]"}}, {"model": "admin.logentry", "pk": 55, "fields": {"action_time": "2021-03-18T21:11:17.767Z", "user": ["admin"], "content_type": ["main_app", "review"], "object_id": "18", "object_repr": "The Palace", "action_flag": 1, "change_message": "[{\"added\": {}}]"}}, {"model": "admin.logentry", "pk": 56, "fields": {"action_time": "2021-03-18T21:13:00.244Z", "user": ["admin"], "content_type": ["main_app", "review"], "object_id": "19", "object_repr": "The Beaches Are So Relaxing", "action_flag": 1, "change_message": "[{\"added\": {}}]"}}, {"model": "admin.logentry", "pk": 57, "fields": {"action_time": "2021-03-18T21:15:57.335Z", "user": ["admin"], "content_type": ["main_app", "review"], "object_id": "20", "object_repr": "Visiting the Bay", "action_flag": 1, "change_message": "[{\"added\": {}}]"}}, {"model": "main_app.profile", "pk": 1, "fields": {"first_name": "Carmen", "last_name": "Lop", "current_city": "San Diego, CA", "user": ["carmen"]}}, {"model": "main_app.profile", "pk": 2, "fields": {"first_name": "Gary", "last_name": "Hary", "current_city": "Los Angeles, CA", "user": ["gary"]}}, {"model": "main_app.profile", "pk": 3, "fields": {"first_name": "Steven", "last_name": "K", "current_city": "Brooklyn", "user": ["steven"]}}, {"model": "main_app.profile", "pk": 4, "fields": {"first_name": "Brock", "last_name": "Beat", "current_city": "Sacramento", "user": ["brock"]}}, {"model": "main_app.profile", "pk": 5, "fields": {"first_name": "Ashley", "last_name": "N", "current_city": "Los Angeles, CA", "user": ["ashley"]}}, {"model": "main_app.profile", "pk": 6, "fields": {"first_name": "Michael", "last_name": "P", "current_city": "San Francisco, CA", "user": ["michael"]}}]